{"cameraMode":{"drawMode":0,"name":"Shaded","section":"Shading Mode"},"sceneLighting":true,"audioPlay":false,"sceneViewState":{"showFog":true,"showMaterialUpdate":false,"showSkybox":true,"showFlares":true,"showImageEffects":true,"showParticleSystems":true},"in2DMode":false,"pivot":{"x":-0.22999534010887147,"y":3.141765594482422,"z":-1.3612215518951417},"rotation":{"x":-0.2087842971086502,"y":0.752024233341217,"z":-0.2811877131462097,"w":-0.5584012866020203},"size":8.620010375976563,"orthographic":false}