{"cameraMode":{"drawMode":0,"name":"Shaded","section":"Shading Mode"},"sceneLighting":true,"audioPlay":false,"sceneViewState":{"showFog":true,"showMaterialUpdate":false,"showSkybox":true,"showFlares":true,"showImageEffects":true,"showParticleSystems":true},"in2DMode":false,"pivot":{"x":-1239.115478515625,"y":3.754713773727417,"z":5.8315582275390629},"rotation":{"x":0.06613850593566895,"y":-0.8243194818496704,"z":0.09847410768270493,"w":0.5535660982131958},"size":6.181467533111572,"orthographic":false}